DIC,model_id
35783.7452545,1
35794.3817454,3
35795.8818862,5
35906.4789793,4
35907.6883722,2
35908.3895238,6
35917.1538314,7
